Emri,Cmimi
Battery Replacement for MacBook Air 11.6” A1375,9900
Battery Replacement for MacBook Air 11.6” A1406,9900
Battery Replacement for MacBook Air 13.3” A1377,9900
Battery Replacement for MacBook Air 13.3” A1405,8900
Battery Replacement for MacBook Air 13” A1965,13990
Battery Replacement for MacBook Air 13” A2389,24900
Battery Replacement for MacBook Pro 13” A1437,11900
Battery Replacement for MacBook Pro 13” A1819,14900
Battery Replacement for MacBook Pro 13” A2171,13990
Battery Replacement for MacBook Pro 15.4” A1175,9900
Battery Replacement for MacBook Pro 15.4” A1281,8900
Battery Replacement for MacBook Pro 15.4” A1321,8900
Battery Replacement for MacBook Pro 15.4” A1382,8900
Battery Replacement for MacBook Pro 15” A1417,14900
Battery Replacement for MacBook Pro 15” A1494,8990
Battery Replacement for MacBook Pro 15” A1618,14900
Battery Replacement for MacBook Pro 15” A1820,16900
Battery Replacement for MacBook Pro 15” A1953,9990
Battery Replacement for MacBook Pro 17” A1189,6900
Ekran Apple iPhone 8,3500
Ekran Apple iPhone XR,5500
Ekran Apple iPhone Xs Max,9500
