Emri,Cmimi aktual,Cmimi i vjeter
TIGAN  HOME STYLE INDUCTION 20,N/A,1.590
TIGAN KUNG-FU MERMER 22 CM ME INDUKSION,1.690,2.090
TIGAN 24CM DIVA INDUKSION 8G142242271M001,N/A,1.890
TIGAN HOME STYLE 20 CM 9620,N/A,1.890
TIGAN TEFAL SIMPLY CLEAN B5671053 25 CM,N/A,1.890
TIGAN I THELLE ME BISH 20 CM DIVA INDUKSION,N/A,1.990
TIGAN TEFAL SIMPLY CLEAN B5670453 24 CM,N/A,1.990
TIGAN HOME STYLE INDUCTION 24,N/A,2.090
TIGAN TEFAL SIMPLY CLEAN B5670653 28 CM,N/A,2.190
TIGAN HOME STYLE INDUCTION 26,2.190,2.590
TIGAN TEFAL SIMPLY CLEAN B5673053 20 CM,2.190,2.590
TIGAN HOME STYLE INDUCTION 28,N/A,2.490
TIGAN WOK 32 CM DIVA ME INDUKSION,2.490,2.990
TIGAN TEFAL WOK SIMPLY CLEAN B5671953 28 CM,2.790,3.290
TIGAN KREPA ME INDUKSION DIAMANTE,N/A,2.990
TIGAN TEFAL DAILY COOK G7300455 24CM,N/A,3.190
TIGAN TEFAL DAILY COOK G7122255 16CM+KAPAK,N/A,3.190
TIGAN I THELLE ME KAPAK HOME STYLE 28 CM,N/A,3.690
TIGAN TEFAL SIMPLY CLEAN B5674053 26x26 CM,N/A,3.890
TIGAN I THELLE I ZI ME KAPAK?28 CM,N/A,3.990
TIGAN TEFAL DAILY CHEF G2733872 25 CM,N/A,3.990
TIGAN TEFAL SIMPLY CLEAN B5673253 24 CM,N/A,4.190
TIGAN TEFAL UNLIMITED G2550472 24 CM,N/A,4.390
TIGAN GRILL TEFAL DAILY COOK G7314055 26CM,N/A,4.490
TIGAN GRILE TEFAL DAILY CHEF E2374074 26 CM,4.490,5.290
TIGAN CREPE TEFAL UNLIMITED G2553872 25 CM,N/A,4.590
TIGAN TEFAL DAILY CHEF G2731972 28 CM,N/A,5.290
TIGAN TEFAL UNLIMITED G2550672 28 CM,N/A,5.290
TIGAN WOK TEFAL UNLIMITED G2551972 28 CM,N/A,5.390
TIGAN TEFAL DAILY COOK G7309955 28CM+KAPAK,N/A,5.490
TIGAN ME KAPAK WMF 0716786040,N/A,5.790
TIGAN GRILE TEFAL UNLIMITED E2294074 26 CM,N/A,5.890
TIGAN WMF 0575204021 20CM,N/A,8.090
TIGAN WMF 24 CM 0575244021,N/A,9.490
TIGAN WMF 28 CM 0575284021,N/A,10.790
TIGAN WMF DURADO 0748246021 24CM  ME INDUKSION,N/A,12.790
TIGAN WMF 748286021 28 CM,N/A,12.990
TIGAN WMF 576504291 28 CM,N/A,14.290
TIGAN WOK WMF 1756536411,N/A,25.890
